130,mph,,215,km/h,
150,mph,,240,km/h,
145,mph,,230,km/h,
130,mph,,215,km/h,
140,mph,,220,km/h,
140,mph,,220,km/h,
140,mph,,220,km/h,
140,mph,,220,km/h,
130,mph,,215,km/h,
150,mph,,240,km/h,
140,mph,,220,km/h,
145,mph,,230,km/h,
130,mph,,215,km/h,
145,mph,,233,km/h,
130,mph,,215,km/h,
150,mph,,240,km/h,
150,mph,,240,km/h,
130,mph,,215,km/h,
130,mph,,215,km/h,
140,mph,,220,km/h,
140,mph,,220,km/h,
150,mph,,240,km/h,
150,mph,,240,km/h,
140,mph,,220,km/h,
140,mph,,220,km/h,
130,mph,,215,km/h,
130,mph,,215,km/h,
130,mph,,215,km/h,
130,mph,,215,km/h,
130,mph,,215,km/h,
145,mph,,230,km/h,
145,mph,,230,km/h,
145,mph,,230,km/h,
145,mph,,230,km/h,
130,mph,,215,km/h,
140,mph,,220,km/h,
150,mph,,240,km/h,
150,mph,,240,km/h,
145,mph,,230,km/h,
140,mph,,220,km/h,
155,mph,,250,km/h,
145,mph,,230,km/h,
140,mph,,220,km/h,
155,mph,,250,km/h,
150,mph,,240,km/h,
155,mph,,250,km/h,
140,mph,,220,km/h,
140,mph,,220,km/h,
145,mph,,230,km/h,
140,mph,,220,km/h,
145,mph,,230,km/h,
145,mph,,230,km/h,
150,mph,,240,km/h,
145,mph,,230,km/h,
145,mph,,230,km/h,
150,mph,,240,km/h,
155,mph,,250,km/h,
145,mph,,230,km/h,
130,mph,,215,km/h,
145,mph,,230,km/h,
130,mph,,215,km/h,
130,mph,,215,km/h,
145,mph,,230,km/h,
155,mph,,250,km/h,
140,mph,,220,km/h,
140,mph,,220,km/h,
140,mph,,220,km/h,
145,mph,,230,km/h,
155,mph,,250,km/h,
140,mph,,220,km/h,
130,mph,,215,km/h,
155,mph,,250,km/h,
150,mph,,240,km/h,
150,mph,,240,km/h,
140,mph,,220,km/h,
140,mph,,220,km/h,
150,mph,,240,km/h,
155,mph,,250,km/h,
150,mph,,240,km/h,
165,mph,,270,km/h,
160,mph,,260,km/h,
160,mph,,260,km/h,
175,mph,,280,km/h,
160,mph,,260,km/h,
160,mph,,260,km/h,
185,mph,,295,km/h,
160,mph,,260,km/h,
160,mph,,260,km/h,
175,mph,,280,km/h,
160,mph,,260,km/h,
165,mph,,270,km/h,
160,mph,,260,km/h,
175,mph,,280,km/h,
160,mph,,260,km/h,
175,mph,,280,km/h,
175,mph,,280,km/h,
190,mph,,305,km/h,
185,mph,,295,km/h,
160,mph,,260,km/h,
175,mph,,280,km/h,
180,mph,,285,km/h,
165,mph,,270,km/h,
165,mph,,270,km/h,
160,mph,,260,km/h,
175,mph,,280,km/h,
180,mph,,285,km/h,
185,mph,,295,km/h,
175,mph,,280,km/h,
175,mph,,280,km/h,
165,mph,,270,km/h,
180,mph,,285,km/h,
175,mph,,280,km/h,
160,mph,,260,km/h,
185,mph,,295,km/h,
160,mph,,260,km/h,

